{
  "project_info": {
    "project_number": "602931591766",
    "project_id": "rugged-shell-297806",
    "storage_bucket": "rugged-shell-297806.appspot.com"
  },
  "client": [
    {
      "client_info": {
        "mobilesdk_app_id": "1:602931591766:android:d38b28076ae10baf7ad9f7",
        "android_client_info": {
          "package_name": "com.example.firebase"
        }
      },
      "oauth_client": [
        {
          "client_id": "602931591766-bdhuj12ate36ug2u767vviqomgofpk7h.apps.googleusercontent.com",
          "client_type": 3
        }
      ],
      "api_key": [
        {
          "current_key": "AIzaSyANI0BsdTVKgQUzYy3AChn68pp-5X1_tVo"
        }
      ],
      "services": {
        "appinvite_service": {
          "other_platform_oauth_client": [
            {
              "client_id": "602931591766-bdhuj12ate36ug2u767vviqomgofpk7h.apps.googleusercontent.com",
              "client_type": 3
            }
          ]
        }
      }
    },
    {
      "client_info": {
        "mobilesdk_app_id": "1:602931591766:android:9cbdc623b5f14b5f7ad9f7",
        "android_client_info": {
          "package_name": "com.example.pedometer"
        }
      },
      "oauth_client": [
        {
          "client_id": "602931591766-bdhuj12ate36ug2u767vviqomgofpk7h.apps.googleusercontent.com",
          "client_type": 3
        }
      ],
      "api_key": [
        {
          "current_key": "AIzaSyANI0BsdTVKgQUzYy3AChn68pp-5X1_tVo"
        }
      ],
      "services": {
        "appinvite_service": {
          "other_platform_oauth_client": [
            {
              "client_id": "602931591766-bdhuj12ate36ug2u767vviqomgofpk7h.apps.googleusercontent.com",
              "client_type": 3
            }
          ]
        }
      }
    }
  ],
  "configuration_version": "1"
}